max_x,min_x,range_x,mean_x,median_x,var_x,std_x,skew_x,rms_x,mad_x,max_y,min_y,range_y,mean_y,median_y,var_y,std_y,skew_y,rms_y,mad_y,max_z,min_z,range_z,mean_z,median_z,var_z,std_z,skew_z,rms_z,mad_z,true_label,predicted_label,predicted_class
-0.1158224181636251,-1.1251369747812656,0.9948287541998112,-0.9665643944057464,-0.8800903359841938,0.4895925588470525,0.8451296460510768,-0.722541813875937,0.7553090669965975,0.7506575748572153,0.0008367155707986,-0.4347677317162584,0.3992463420082461,-0.1495691917842349,0.1001301926493735,-0.0802012139412324,0.2951601514258211,-0.6333566943837322,-0.0797228041553578,0.2492460276235078,-0.2244397664907877,-0.5207920693892877,0.0853715069430687,-0.4106669458997981,0.0732374401000815,-0.2903773475941332,-0.1983099914650271,-1.0465330539591882,-0.4769728408054461,-0.2428406736391276,1,1,jumping
0.4984861509087523,1.3008114051679636,-0.8987021878493562,1.4439966247700051,1.5915427541086815,-0.6755536651954793,-0.8738129765454914,1.2418720372176917,0.0625162661670867,-0.8661784714577028,-0.8072849744304119,0.5777948027756212,-1.0667548968565512,-0.2201868562526173,-0.3368699754414736,-0.7130683324725937,-0.9800039273304708,0.1192112522986314,-0.5117157441983118,-0.933971800629074,-0.7207587005625758,1.0015871065876265,-0.9454041086361064,0.4907272586611177,0.8947027130205684,-0.5935024819652069,-1.1760444383211943,-0.5510892803469974,-0.4784275718285212,-1.264664234996556,0,0,walking
1.88280838714793,-0.6760681549777078,1.9443658165445328,0.37428851054193,0.2095108415825461,0.7621391773369319,1.0560396335752316,1.131134132480005,-0.054578494296859,0.6555965230295753,3.7266057221578848,0.9698206737909156,1.589136394739914,2.4436747383405084,1.610542751477587,2.311882422521305,1.962382544904489,1.3399887508297688,1.6310498804473226,2.019707371190361,0.0569134518105639,-0.3244225354964023,0.186542888178262,-0.2595143698805369,-0.6059491437899697,-0.2140139218113389,-0.0511237142351415,0.543316961393316,-0.3018863169629001,-1.498148919692352e-05,1,1,jumping
0.5602977439572956,1.18766868527097,-0.747997845430709,1.376561958574891,1.4832918830640391,-0.6542383325088236,-0.7487152728746652,1.3498654824516416,-0.0438409474089427,-0.7530830738293839,-0.87355607160607,0.3200122155569903,-0.8744390339251139,-0.4507403730322046,-0.5956768669562332,-0.6942310314158743,-0.8397627067050796,-0.4943189214716936,-0.2240563372851404,-0.8150575609836457,-0.6979938672997147,0.5908482516170799,-0.7426440565017709,-0.0356239247004014,0.2926141507320035,-0.561567262618681,-0.981992317421116,-0.391049513387475,-0.8227086148218827,-1.0660312595844526,0,0,walking
0.5375980425877245,1.281271026352624,-0.8530615865447033,1.4612395731950705,1.596549202238992,-0.6659719427203109,-0.8102703328511331,1.0716309688712835,0.0997448043466566,-0.7995471563253482,-0.7587926592607571,0.5051827384719285,-0.9679172150642302,-0.1679599307374051,-0.2581955088849192,-0.7082312285277053,-0.9336593115338316,-1.062651662713006,-0.568770820647948,-0.9142190136906364,-0.658890932086074,0.9103781872898008,-0.861865573801825,0.5949682724332243,1.0220328767205138,-0.5776266685754755,-1.0690702762255997,-0.7894881564905963,-0.3683776207547813,-1.1484952637026578,0,0,walking
-0.4447929047117928,-0.9632367736404286,0.6132892568086318,-1.0753177754897785,-1.0446772224815024,0.3608346137182128,0.7369900104305603,-0.4493267346544717,0.8466932004589212,0.740339213906402,-0.1859558972770932,0.2227456527330177,-0.3279368295367614,0.1122319302535358,0.1954547989091814,-0.4823084980140938,-0.2583449045329959,-0.2371214277332165,-0.623777089737836,-0.2234210262761042,0.0659204929599757,-0.0005495132576049,0.044938385669538,0.533362825811528,0.6909308091785871,-0.2208936322127521,-0.0637750542970528,-0.0385820015005966,0.0763524095621661,-0.054909610996825,1,1,jumping
-1.16300043686786,-0.0628921215472721,-0.7420622570315532,-0.9671553523074904,-1.040873854488629,-0.6499009804925265,-0.7286898962934536,-0.8209177053421844,0.1142924402747356,-0.7090382858636339,-0.4367371029189545,0.4343986121304289,-0.6888151693454108,-0.1871465614975836,-0.3238091574451338,-0.6735217424526662,-0.7413523868426967,0.7264532208011121,-0.5129327667552852,-0.7379972547315146,-0.524663628916431,-0.1519382525799742,-0.2863765227587058,-1.688884902577792,-2.0480328519364583,-0.3130135569634196,-0.245194976207008,0.6014142519467685,-0.5086783131365266,-0.1888431373551022,0,0,walking
-0.3472168299431441,0.616335550626426,-0.8281936310739457,0.2573967021110487,0.2860086091063786,-0.673077783891237,-0.8556537853145375,-0.2038810398943065,-1.8913070268090708,-0.8416930895166947,-0.0722246360099293,-1.1572321521524045,1.0131679244724268,-1.1100743658957593,-0.6532513930155853,1.7319809636084291,1.6518579950235237,-0.1204827770673426,1.5134562449129187,1.900701418979177,0.6671294121504998,0.6946868898903802,0.1354206660241003,2.034732654434516,1.40023681232428,0.5398126403726226,0.9728264287003232,-0.0112100014309441,1.64057252570142,1.463396818662829,1,1,jumping
-0.3872313415109137,-0.9496801203748482,0.6400410728657949,-1.151852981051546,-1.1093316047612944,0.1617154196431795,0.5557297564910931,-0.4779494689038586,0.8651825192743691,0.5559088474783577,-0.2476029643146809,-0.0220622237230997,-0.144443603805292,0.0232941828973492,0.1331452816317557,-0.477023986487312,-0.24878850727383,-0.9745602536399406,-0.540685094297006,-0.287537279981664,0.0233453386836776,-0.0862501762600476,0.0551624660030494,-0.062375522403572,0.1673590147444876,-0.224534953427667,-0.0705158909308369,0.0879916579677114,-0.2380652430276379,-0.094212795877174,1,1,jumping
2.9745508456645893,0.717577592862525,1.3661660134491418,1.4795520492621903,0.6243227100087514,2.2654950374039577,1.9674147221875664,1.5140455138446731,1.5549849457468932,2.148465829158455,0.1430759341681306,0.5025478245310723,-0.3656889440668012,0.6710658994643256,0.8347782908207633,-0.6242791897607807,-0.5744602116688331,-0.7626621722406609,-1.1793368579359398,-0.6328042127320119,1.4406132668913665,-0.0575775267612951,1.0028576153118405,0.8783309888643109,0.1641818953496666,0.6257681911325,1.06396174320142,1.0424237170535675,1.0604510753155925,1.1673860469787014,1,1,jumping
3.025307316643826,0.6885504500878465,1.428899522677762,1.570984914273216,0.7352954540777099,2.6019595670244446,2.1362004291691856,1.4432460885440836,1.7833608293706615,2.338146729674163,0.2339178244145258,0.5215720383878483,-0.3227176457599812,0.6511632693993322,0.8078888343051817,-0.6235801294879999,-0.5724567419449359,-1.074034300050352,-1.1744620132942587,-0.6681357071788225,1.102901925989541,0.0169461447490208,0.7399332685082197,0.7550386859162675,-0.0704245772415537,0.5219706063596758,0.9534887553954814,1.2959330423752102,0.9191270172671496,0.99306686104973,1,1,jumping
-0.1675330104265131,0.2089651263845837,-0.3151497049457268,0.2089545481187443,0.2910389208803915,-0.5543582204844152,-0.428693161747948,-1.3752667290894995,-1.480389217677848,-0.4641564889993321,-1.0016316659853828,-0.1113112882270016,-0.5640877085062791,-1.301402426534951,-1.6323661560238527,-0.6076552993697627,-0.5286513185348282,0.6065090719636378,0.8188696456061436,-0.5178165708918032,-0.705274793873456,-0.3435613272095163,-0.3214191831953559,-0.9032483129648752,-0.3936362761288633,-0.4106718669944506,-0.4711747292741402,-1.406431837763947,-0.8289303126724062,-0.4622945063912405,0,0,walking
0.4508448072052149,1.1439820424959526,-0.7817601237100623,1.23532752124641,1.3581017203135946,-0.6642268705408331,-0.8002533612980194,1.0467048430801449,-0.3032969980443913,-0.802122132910096,-0.8600381572402795,0.3553128861630853,-0.8978198947665517,-0.5536205802633737,-0.8100962862378377,-0.6971607102975185,-0.8566319298499693,0.9565094784300402,-0.1050407559474917,-0.8260993712719711,-0.2910057180033304,0.5959643716821256,-0.4690783965908957,0.2691496858827258,-0.0864983858788511,-0.2633009935581251,-0.1443217874250758,0.0969823296298907,-0.1279269664566972,0.0659354320258994,0,0,walking
-1.1877377726577476,-0.1816460157410397,-0.6456920805503644,-1.0985642900093513,-1.1859870945585589,-0.6350652316783042,-0.6674989404005545,-0.8374846015622761,0.357702473778194,-0.6521951589246018,-0.0829627260831365,0.6969488664724893,-0.6942913026897237,0.6358159453021125,0.8046889250327116,-0.6661913785501191,-0.7121635368197357,-0.3627552261554723,-1.2825195737855355,-0.6804643597222887,-0.8024492774530347,-0.5140626132112288,-0.3095328848112284,-2.008333179739328,-2.5206866948072286,-0.2516446194495013,-0.1217203991679351,-0.0129700904008315,-0.2810142130360025,0.0558398403586544,0,0,walking
-1.1493726512041595,-0.1769477639826323,-0.6237188618088768,-1.103617793963379,-1.2070402785639385,-0.634816702282093,-0.6665511882594921,-0.515453851712798,0.3668529733166067,-0.6397030614279235,-0.0825906607863022,0.7017827487873802,-0.6984766240912051,0.6956260528576499,0.8375962505647824,-0.6703530250932614,-0.7284680844611395,-0.2818624912198766,-1.3076633750627444,-0.6915041081425894,-0.5775571021016055,-0.555133621234714,-0.1383459300957823,-1.655531197661971,-1.9596854513386208,-0.1808231031566899,0.0084436255935453,-0.1290326076190281,-0.3051475980311453,0.1725512237626609,0,0,walking
-1.2955427433426057,-0.1576314052316653,-0.7429848992855642,-1.1393526998015304,-1.268759039943086,-0.6438458880048581,-0.7025117202010924,-0.479498817531909,0.4254597624213475,-0.6784253357524267,-0.0670317707925397,0.870932350123818,-0.843241994543917,0.8346857637816908,0.9959870541298056,-0.6917524925880074,-0.8262455112465792,-0.6442797349481657,-1.3483575609073364,-0.8140579504647742,-0.0017610500181266,0.543996517943813,-0.2492968515916717,0.1218630071187474,-0.1602199779651142,-0.2859385860429384,-0.1893094702004529,0.7999347598726644,-0.2383688359723491,-0.1305412445473121,0,0,walking
0.9724506200149098,0.4041778415207449,0.2846470121574369,0.5432871833860037,0.4649024588245957,-0.2861500628855419,0.0459295082088063,1.2755261698306213,-0.9065074279257552,0.0400477728051544,-0.2184170678049818,-2.5135570932920515,2.1597131363771984,-1.1886253147943493,-1.140441291119176,1.6920637279242885,1.6291931601615168,-1.134221162997188,1.5657110822913445,1.3505074851343646,-0.4318556569727862,-0.5789217256698193,-0.0287251016255416,-1.2149673485334131,-0.9284750018829604,-0.3009151875805087,-0.21992629581748,-0.5039816019397361,-0.596860140522789,-0.250264298059128,1,1,jumping
0.3958073564363343,1.1951385807767474,-0.868584031497465,1.2691961891081944,1.4002846857035924,-0.6788582327551325,-0.9009144071944084,1.1487267390251004,-0.2540807203240445,-0.9003674590490958,-0.8031635879575235,0.290807936027593,-0.8008417394300217,-0.5603877422410322,-0.7846797396182268,-0.6863746361490078,-0.7988642107682322,0.347826511842994,-0.0896689146256789,-0.7747469763680811,-0.2663264353244263,0.424865519691445,-0.3743142976076658,-0.0780794402479287,-0.1213250156430478,-0.3648453971812747,-0.3596507344145767,0.7348851728841675,-0.463958324965345,-0.3832834657091417,0,0,walking
-0.4764117127096043,-1.0397571770531928,0.6645724105638995,-0.6853941833552322,-0.1283301308141851,0.8347546134154427,1.1088050373294662,-1.0224122547300123,0.578391999114984,1.2199884982106362,2.6278161779123126,0.8799527485872347,0.9407673568913862,1.8294554560353569,1.1735718593557916,1.0713543689456184,1.249028180210732,1.3123071741700951,0.7238263053892228,1.3208964576156033,1.524853875029722,-0.8051887687791658,1.4009314742451346,0.5161277956560862,-0.8188071830206364,1.2814052722236118,1.6747405616083686,0.9948487416765374,1.4026168739135934,1.8944707599876929,1,1,jumping
0.4002999790671503,0.3218700829160099,-0.0313532521373158,0.2346892671745208,0.1809085596026752,-0.5040452437471403,-0.3167913492739388,1.5554942855780105,-1.3772020360004953,-0.4165986587977364,-0.112248811944005,-3.260064908433038,2.9148845773173844,-1.309566929172331,-1.1393101252991058,3.175126421617574,2.373886395662981,-1.4524390660483495,2.112862054043881,1.913617839114108,-0.2658415415058392,-0.9575148699398034,0.2564832528056532,-1.0092151557440874,-0.5514024509961406,-0.2911026314966532,-0.1997863845072659,-1.469795719954471,-0.5872534821804717,-0.2765957641187424,1,1,jumping
-0.1190345574107903,-0.8580162017210483,0.7374637903639721,-0.8928507120378505,-0.9132916759564343,0.2111145786649726,0.6025219632852158,-0.4207996742252959,0.5062376873209273,0.4596357020002356,0.022144782192374,-0.4358419085264344,0.414402948976025,-0.2093756654293397,-0.12855448583073,-0.0789092207458464,0.2965902131051435,-0.6802549959474445,-0.0307352373203711,0.1840992793201577,-0.2290751264889966,0.1091820207423199,-0.205086220613133,8.820092142939348e-05,0.2916057341012887,-0.3237623103463313,-0.268071866127915,-0.2045010353523025,-0.3577405378242309,-0.2871071513753401,1,1,jumping
-0.1514339827749518,0.2053994559646042,-0.3006401885593153,0.2011258619786186,0.2989368642014219,-0.4948059673364428,-0.2979829546528068,-0.9069255904734936,-1.354829165560279,-0.3067273869343484,-0.9468356074870902,-0.2534878713142791,-0.3972655264915348,-1.2961418802541345,-1.594731397259453,-0.5252307219357492,-0.3402889950526249,0.2967760597713924,0.8479993539902111,-0.3223342773944975,-0.767444039081334,-0.4722075722254766,-0.304891667992645,-0.997506812730284,-0.4399525974258279,-0.3964494697580731,-0.4353377116281414,-1.3356441887586383,-0.8022481824534641,-0.4166636993774654,0,0,walking
-1.265723298227904,-0.1046309811320113,-0.7730432508620302,-1.031013484662529,-1.1216325244467744,-0.6600247213818087,-0.7774955041702332,-0.9736092388863002,0.2221035742208627,-0.7573334336310744,-0.4171659508676272,0.5246648598451547,-0.7585746085121109,0.0035512248346183,-0.0891267631935653,-0.6862250087716258,-0.7981356055825218,0.4464874745602685,-0.74388837396943,-0.7778376117534617,-0.68702974501743,-0.1151096095685335,-0.4132418537029256,-1.430454730802932,-1.6169177852417178,-0.3557878268198137,-0.3388512671900462,0.2479759384477003,-0.6661845039159611,-0.3087588701158368,0,0,walking
-0.3012807579206685,0.5631769650992412,-0.7457347200146704,0.2167327303596264,0.2187207297447448,-0.665135698320124,-0.8054243835015589,0.2234336083066758,-1.837897351446244,-0.7986568690731844,-0.0245193760700833,-1.0198958648933272,0.9189557322813612,-0.9194728890937334,-0.0521569034393831,1.5204567828979347,1.5295495345868555,-0.2041418551498199,1.2856473443177898,1.7825807179739546,0.5469663794995466,0.6330917465451612,0.082053670105779,1.5066094626236703,0.8914491497708679,0.4383135279223205,0.8607274230672554,0.1211609530288968,1.24980700142758,1.2722259857210412,1,1,jumping
-0.2638800698149192,-0.9263852248491132,0.7028669750196389,-0.96383622132833,-0.9952283299536082,0.4272220983443787,0.7935267732822894,-0.5870106977312747,0.7201213832978659,0.6769096951154219,-0.1281618779861882,-0.2378083046482005,0.1328370883242032,0.0115997516071301,0.1857527329986069,-0.2080761934310883,0.1456564829788307,-0.9292623675656724,-0.2972777488825453,0.0759687345073816,-0.3716913276981608,0.0834557505005653,-0.2900333114457312,-0.3912040342232962,-0.5293141401111344,-0.3261326265341328,-0.2731729942018675,0.1852096007944817,-0.5325623224498471,-0.2287356626448457,1,1,jumping
2.329436457985487,0.3198064602907359,1.3011672518705737,1.4634421829936426,1.2984334155397048,1.98627992933658,1.8198954135580647,0.7292111433775693,1.426011476993826,2.058127220551361,1.6084743752307689,0.6382261319306476,0.4844942290116768,1.5710499288965194,1.6019646483755146,0.305969191406587,0.6725120138744497,0.6588172697225093,0.1601545570828964,0.7752706430809091,-0.7693609893343092,0.4118586106830968,-0.7093915032997258,-0.3031920237991097,0.0190775955067002,-0.5326932959935579,-0.8533569181181085,-0.9101613272746134,-0.9289170889320628,-0.9177984855294616,1,1,jumping
-0.3436665433797659,0.4615071218373954,-0.6778553041768864,0.1780460796844831,0.2406736823144829,-0.6446630602163764,-0.7059373397030209,-1.0301907221971132,-1.7271893131029517,-0.6998802668404712,-0.0868658804554696,-1.2393992245883774,1.078779078581125,-0.965898126925147,-0.3581984589497901,1.4921136805183977,1.5127294499982589,-0.2711073839103151,1.3127091629423178,1.7149129134966223,0.6304783880994855,0.6184118413726983,0.1453620020318,1.740714414648728,1.1362321635487918,0.4746922793964774,0.901501409764755,0.1072070724963404,1.4153644557460354,1.3227341141567512,1,1,jumping
0.1292336224921548,-2.4936642725692297,2.471042406847272,-0.8630553223659332,-0.52638787267899,2.1174571607210844,1.8901141482982509,-1.5239948378257566,1.3670426131677444,1.7136410237507531,-0.0338264457708511,0.8970386947190812,-0.8450979127379182,0.7060385751585728,0.7715166208734785,-0.6997073653464283,-0.8722253546800011,0.7388309178292153,-1.4259679244566923,-0.8574070964677087,2.343171693673244,-1.9006180588230457,2.4552700461819787,1.0961903790344485,0.4963096890427271,2.3005653569795355,2.4415270310548416,0.827891667628111,2.243450574789552,2.3620489197363286,1,1,jumping
0.52726476501151,1.1547426289340204,-0.7393306845825461,1.2711883612750243,1.397319019728391,-0.6656328529412249,-0.8082948654120625,1.2122096126758717,-0.2403235929107229,-0.8220032106998671,-0.819593613843646,0.4052604004550253,-0.9167239438774376,-0.5326905249677464,-0.8204380039926582,-0.6957514379027165,-0.848386681845924,1.4213043956021456,-0.1287289574366756,-0.812669884010073,-0.3164362084578836,0.5874350176163015,-0.4824277973032368,-0.2033843641260313,-0.4932330322259663,-0.3869933198842883,-0.4121504768043148,1.1378641793517117,-0.5642489907630546,-0.3967049771044881,0,0,walking
0.3541507419464085,1.1824534995906748,-0.8851985147653809,1.25334464575478,1.390486862367754,-0.6780466017228701,-0.8938898272338927,0.6488900984263657,-0.2819366336615589,-0.903902265905432,-0.7911303856095451,0.373738996569238,-0.8688880092793821,-0.5537254541651092,-0.8193140167671674,-0.6964533232929768,-0.8524615074340982,1.561856573571223,-0.1044284895928084,-0.8388008061741689,-0.3664881434432327,0.5731210709993322,-0.5098299892398578,-0.1920867110887368,-0.3043684946512173,-0.3799078300236338,-0.3950889689174975,0.9954029512574214,-0.5460421339246327,-0.4217429557720546,0,0,walking
0.5440105751498954,1.204863122284627,-0.7756551731181377,1.3875445042317447,1.5218699982625044,-0.6569846432566174,-0.7620486942765353,0.8639856659611911,-0.0261353146699604,-0.7527979336580412,-0.89477288752565,0.4480855695466481,-1.0059953845280174,-0.4040515627010605,-0.5611723661004624,-0.7058553259211559,-0.9146834421069636,-0.0509834678078823,-0.2879851161377435,-0.8768423489701387,-0.7232962276258118,0.8093814221456805,-0.859464124409238,0.0899204061140276,0.4372903336581942,-0.5838610477474575,-1.1077740100180191,0.0086642679485961,-0.7790603963507875,-1.2246945579096358,0,0,walking
-1.297348012583241,-0.0819537540965215,-0.8165160729981111,-1.127387465466148,-1.2775314992785625,-0.6638931403228407,-0.7983784434463235,-0.2354404442692507,0.3926223703859126,-0.7785355299696811,0.1455766885754731,0.8434119038460862,-0.6766042789523847,0.8090015386036756,0.9239644906221366,-0.6589718231517109,-0.685325613667103,0.5569614591606611,-1.2551671972839908,-0.681461256011613,0.3210667864679778,0.7900185771780139,-0.1426549649991918,0.7160540036304582,0.4020121995437513,-0.1982617988021948,-0.0225584870888246,1.3900499225706604,0.2121814827662705,-0.0289712462039422,0,0,walking
-1.1707831677721086,-0.0493663162487707,-0.7603497160661541,-0.9419710620574084,-1.046894683085138,-0.6579236707594661,-0.7667383045445684,-0.7931178665142202,0.0640734174386819,-0.7598440719223299,-0.5534896455320238,0.4121479677336801,-0.7460603777496436,-0.2531480296953964,-0.3656783103321102,-0.682011678791774,-0.7782562495860234,0.266406827892003,-0.4447297901346233,-0.7692434280965513,-0.4755437676045881,-0.0659350482043996,-0.2923018653161662,-1.183222251159725,-0.9859409648762724,-0.2828308973666276,-0.183044045881887,0.1557903345038131,-0.5662765028478981,-0.1499366136352294,0,0,walking
-0.4652595688478179,-0.1459620802323751,-0.1814746859650449,-0.3593748395240811,-0.3649363541454841,-0.3976685428231246,-0.1223689776625299,-0.7091361806170385,-0.6779439911294648,-0.1330796692801604,-0.1279078793388713,-2.009959881365971,1.7581011212772557,-1.0331135749665843,-1.1521554145391315,0.4691436482113704,0.809916242287988,-1.452307894799252,0.983859191621672,0.4136558347860108,0.3462109394858716,-1.289947016395374,0.823010378256426,-1.1078006486803695,-0.8215564956602238,-0.2010519100879446,-0.0275783791564099,-0.7514317534855263,-0.4288648075717157,-0.2344991306171194,1,1,jumping
0.0456160795876372,0.4784595618679344,-0.4255549154360497,0.2807688181860976,0.2522625096266461,-0.5520373639714423,-0.4231111069659866,0.5981321524422025,-1.4763378391815372,-0.4258246183758093,-1.0172853678007314,-0.0971170565756719,-0.5875149442541987,-1.2983694098569702,-1.5954310660611049,-0.6676447536673886,-0.7177825667571428,0.284652377068813,0.7893606509093971,-0.7124660725138717,-0.313300712821619,0.186883636531932,-0.2976208720538078,-0.4801872170387713,-0.1427333365082838,-0.3789410869698052,-0.3927810747397975,-0.0293773263311289,-0.6630775700228118,-0.4656390265641565,0,0,walking
0.0260387926857908,-2.5773221864153686,2.479776450961099,-1.1460883459601867,-1.1418936328016909,1.8646183488350103,1.753214921353377,-1.5199650795787112,1.588580216133419,1.411629560903366,0.1330605123705217,0.9079116885032916,-0.7440759688764496,0.8121229943129686,0.8843722707343444,-0.6922892304693763,-0.8291194971539496,1.486705629805996,-1.3633148323703217,-0.8311806726328483,1.893266597863742,-1.0595011501950984,1.7666652988870517,0.7628401892592999,0.1774359752784307,1.4021747785013496,1.774930511454959,1.1870172181890346,1.5736088673533184,1.5893836832127015,1,1,jumping
-0.2508315275281245,-0.8829766038095731,0.6704035285755391,-0.9486016804883772,-0.971565582753622,0.2579146357606872,0.6456812942128048,-0.2972958617733522,0.6111054629642152,0.6402636631330483,-0.1567950361551206,0.0710893769602929,-0.1694709526503795,0.0372267897800514,0.1173302761816133,-0.415044845713848,-0.1436609323560982,-0.2981192855409455,-0.4941606212786185,-0.1379777899566823,0.0333272027124086,0.2025718050502448,-0.0697952794303478,-0.2440154654997227,0.1830342344704289,-0.3355267628213548,-0.2935985292341495,0.2562854151115801,-0.4911955592828817,-0.3423886523356469,1,1,jumping
0.543604869081737,1.1700337321959398,-0.742666536566685,1.276467278512531,1.406997349236884,-0.6628956185382718,-0.7928475736513325,1.288890628077511,-0.2287967384616057,-0.7924832563181157,-0.7564886865859654,0.3448964738581137,-0.8193995146247974,-0.4868457810336329,-0.6663068392744845,-0.6900520945391408,-0.8173204219496373,0.4666560594130299,-0.1785728233454561,-0.8038759830841463,-0.2825665514630592,0.1961934385682429,-0.2810320292085969,0.2501487459143692,0.0044400854460281,-0.3010230627773959,-0.2201493704100447,0.3175803749868958,-0.1903377983701611,-0.1365529261109178,0,0,walking
0.4934878442922314,1.2592318487401115,-0.8624334466579426,1.4238151647185435,1.555917150187525,-0.6696712331702247,-0.8328499098851811,1.0702876357442666,0.0301809749273011,-0.8204644737038757,-0.8224217044517556,0.5118627332590251,-1.0163611099829926,-0.2332787868020311,-0.3537102990671164,-0.7118597337568926,-0.9671059814342222,-0.4156811013752124,-0.4950793160210362,-0.9350523377778543,-0.6600692626687634,1.0401783655681378,-0.9218629526055307,0.5951203837716187,0.9956183919146624,-0.5876137308606615,-1.1329213230354145,-0.2041030445181233,-0.3840860346001806,-1.2201396916630736,0,0,walking
-0.1522807505599096,-1.2905561843596969,1.1276886968834143,-1.1864685347730533,-1.1371810899968875,0.9576326705422804,1.1953068621976417,-0.654547849372638,1.2742543861318376,1.1565674514656523,-0.1472267977675915,0.3859677030640745,-0.4518565404409381,0.367951515836828,0.3667476148199055,-0.5695492225528485,-0.4351036983266911,-0.3704573616032897,-0.9334613647029552,-0.4173008427049334,-0.5120538720120974,-0.0149232097375782,-0.3403174270791976,-0.4392256830345981,-0.4308370515171557,-0.377521682242287,-0.3894010210020224,-0.1751105064156337,-0.6457433501147621,-0.3190564857530797,1,1,jumping
-0.3356530579420521,0.5119323009134145,-0.7204936569847363,0.2027778731153326,0.2184459162920664,-0.6570975545379488,-0.7626088914717977,-0.4538216625034828,-1.7922017074066146,-0.758338237988697,-0.0679851709374579,-1.2888083244380182,1.1366451861831433,-1.0675381853995929,-0.3006439548208988,1.727167084227396,1.649134191530723,-0.2719526755178933,1.4770242122523591,1.865444489792403,0.6064876412156623,0.6941304677319201,0.0945651918582504,1.7103167542585838,1.0513960892400087,0.3992944323499213,0.8162037977340024,0.1097610205915753,1.3434008268411328,1.249962410243216,1,1,jumping
-0.4755517061984331,-1.4834792286410192,1.0890018011792175,-0.8714145103528536,-0.0772085003122929,1.810246981927998,1.7229020048805004,-1.128137674920435,1.2471238231905617,1.8613332493242527,2.5664212811619835,0.9732573288968692,0.8143731254845363,1.831185518565178,1.2358740515367073,0.8029753612634019,1.0642644418044105,1.4750887022277988,0.6017797162897068,1.100993196428543,1.099206226096337,0.2510219086808605,0.6306718723620188,-0.0040904996502443,-0.4342839331301908,0.0430016064954603,0.3615905604300745,2.181726891426554,0.1310314089657752,0.2190136219551407,1,1,jumping
0.0316942626004173,-0.7587295022000333,0.7465861692580831,-0.9545469293001256,-1.0452768468175178,0.0689175512057652,0.4639972114481731,0.115946810969394,0.5185244642974027,0.3353140093568521,-0.0181476966177101,-0.3128281231848691,0.274799538765103,-0.1100461039072129,0.2583619463938739,-0.072932417677679,0.3031869129810361,-0.7993643023401895,-0.1055080149572278,0.2747705003197921,0.039713568166626,-0.8239429909147395,0.402701778614301,0.1724423318521992,0.6643404878417876,-0.0501043858553524,0.2233889076424312,-0.800108353976812,0.0938987530283022,0.1298145213657845,1,1,jumping
-1.1495446367927722,-0.0251871123334423,-0.768796867954547,-0.9508224082777093,-1.0729844081887026,-0.6530109268509291,-0.7429272467068515,-0.4036389084330402,0.0831164525005268,-0.744375485251704,-0.8156940564411007,0.4292092998414754,-0.93609201227539,-0.313867342434152,-0.4190150727244905,-0.7008741091942954,-0.8797065600972699,-0.55154775416565,-0.3902547344339695,-0.84483076625293,-0.7211305196267211,0.3974027612599616,-0.6701028991985646,-0.313327602942571,0.0589162791478722,-0.5695479017226692,-1.0233622078586142,-0.5956690683583895,-1.0372868980429264,-1.1568384976741946,0,0,walking
-0.2273893771791143,0.1672411589218826,-0.3165794245004886,0.1410359772843215,0.148817338838462,-0.5570438876501268,-0.4352131171672034,-0.8017291585760925,-1.4609040017371884,-0.4500648166786864,-1.0127525883646564,-0.1038697927373675,-0.5783079159056463,-1.210123671652765,-1.5668147219499966,-0.6640147479256915,-0.7038900449534226,0.614714245661731,0.686914142545801,-0.7445372026556523,-0.4891659438629255,-0.0337147038127464,-0.3162312514932617,-0.6620980530545806,-0.4481067287092293,-0.3868739030962528,-0.4118608302129219,-0.0147599864232083,-0.7335621472506079,-0.4262105334240027,0,0,walking
2.2012162518839578,0.4146253104557323,1.122162665187909,1.4827563857842696,1.2458660773535506,1.6528139247009517,1.6332198576001502,0.677733897587767,1.3108430971397511,1.9031294971752224,1.7243001484204228,0.895627184442666,0.3254860001769976,1.5239861299356343,1.5699765379238415,-0.1026186430044342,0.2701134943665969,0.948145392781202,-0.135772512091248,0.3435260922851059,-0.640050432278092,0.3603911264968988,-0.5982583055825286,-0.5019812615690618,-0.2194034996609463,-0.4984426592057521,-0.7273123764303154,0.144189301502865,-0.9421656762375472,-0.7980531826817431,1,1,jumping
0.5427933587352853,1.2993645575056123,-0.8667609578693408,1.494785174634115,1.6505553035783604,-0.6721527190831816,-0.8492371903736778,0.7883779488586601,0.1559944026931979,-0.8364890761560204,-0.654692218875406,0.6437073804119037,-1.0257120157834798,-0.0113317100922414,-0.071741940727342,-0.7142106307357443,-0.9933921924397446,-0.5024408918677985,-0.7602013696403453,-0.9597188063471056,-0.6583658402510275,0.9198149983250904,-0.8658135151871681,0.5102516885595579,0.93804684867916,-0.586230856792899,-1.123469948424,-0.3743805075237563,-0.4503515715402503,-1.246565121118073,0,0,walking
0.0517081131948751,-0.979275163586218,0.971051732935204,-1.0881373863269397,-1.0467120499007925,0.5666935756545117,0.907067388762242,-0.1038215776663633,0.9630127070735038,0.8905274749848983,-0.2134710550955962,0.0655678620157475,-0.2021015607987825,0.1643639339839636,0.2875229846814693,-0.4711568872027385,-0.2382998608179479,-0.700893737140962,-0.6548730646558227,-0.2415902749108877,-0.0105167150955074,-0.7531163265854578,0.3363481139396497,-0.4573442070457615,0.0897743763131007,-0.139081840872024,0.0802164807239598,-0.8535377275085492,-0.2528487008771632,0.0152473509614073,1,1,jumping
-1.0741390718300483,0.015366972570869,-0.7555253151610092,-0.9174354100312168,-1.0562432990310189,-0.6535215203033805,-0.7453228486571735,0.3044784960615669,0.0231714945068229,-0.7315331113416726,-0.8216847319474657,0.3898895491187714,-0.9040193494885692,-0.376968521888222,-0.5304013936848996,-0.6907848156734128,-0.8211337180192905,-0.0961398016083742,-0.307927522845163,-0.8000230818503032,-0.8516746270878206,0.790403217607166,-0.9378369260999626,-0.1438545104010585,0.0966154747358706,-0.5787821295380289,-1.075990098101847,-0.1787590704407068,-0.9438550719126888,-1.103351984137186,0,0,walking
1.7366001109089515,0.3893325516607513,0.8258704079267453,1.1143594012776767,0.9135823996756404,1.046480777462011,1.2558572026416912,0.687903114533287,0.6173026388404856,1.4775513717371591,2.784168926052079,0.5626392374807162,1.335735958010345,2.059342716252444,1.795733472996831,2.0889021308090108,1.8468294110966963,0.7584926980548051,1.2831838726318885,2.040789464724911,0.1748905180048621,0.073686560582268,0.0849524536827212,0.6112959531365642,1.040850283505952,0.0473098160064961,0.3677408138929678,-0.5477459245136526,0.4150473542365752,0.5633648137766356,1,1,jumping
1.871010894667292,0.6602695515484953,0.6597805097507797,1.529292728145076,1.2705671676429613,1.021947038605904,1.2392954327467758,0.8034293161128778,1.095654961182259,1.4954405237448989,-0.0199597687364206,-0.2754142866125232,0.2392850234074498,0.0084712183963401,0.4121804271590219,-0.0128650792570424,0.3678615244790639,-0.5275177005117323,-0.1489482242588857,0.4277563079848899,-0.6567930655828202,0.1220358004566727,-0.5009002748823755,-0.6199706866945998,-0.4224718615700815,-0.4269424317140388,-0.5137329882872118,-0.5463786147858454,-0.8101485393001545,-0.4414568463527571,1,1,jumping
0.5067378646712136,1.2757511549469167,-0.8690737546431995,1.4360530181961435,1.5717120470343562,-0.6684973136047782,-0.8254665451177235,1.1592414783746516,0.0529188585922417,-0.8133651158855305,-0.792697385780047,0.5229900055121219,-1.006796045102804,-0.2008243783263908,-0.3044488541181032,-0.7100903147817887,-0.9499741768310436,-0.3908494203205411,-0.531797017874508,-0.9149318116070666,-0.6595190281912717,1.003992052294804,-0.90498631358418,0.683805548918281,1.1137686355211756,-0.5840660668838699,-1.109108369819093,-0.8203303915016764,-0.3068083427894646,-1.215470837618814,0,0,walking
-0.3686860958139188,0.5077977017911743,-0.7393276161078302,0.187050650318829,0.2213016032456812,-0.6563197222806149,-0.7587695088115983,-0.6347392021013526,-1.780144823603597,-0.7448332515695731,-0.1014015580202572,-1.2636670922590367,1.0913657924879137,-1.0965836964454745,-0.4747090755907935,1.667308450565792,1.6150432733679467,-0.2068631955732003,1.4805584710750537,1.8484675416936664,0.5270882505585536,0.6867288942013796,0.0441156395045707,1.7888081195583714,1.261106098468992,0.4363980301307252,0.8585609781658179,0.0095540202710254,1.417895583325329,1.3087071538328163,1,1,jumping
-0.1001232825402233,-0.0603679068618209,-0.0113937385558123,0.1196704697345214,0.1676433606505098,-0.3926805916549993,-0.114213913551244,-0.743505564791906,-1.1554663012501152,-0.1302453430082781,-0.9805310286049332,-0.3053737139995179,-0.3720952777632355,-1.3030256921444228,-1.5675767761569257,-0.5140692401681594,-0.3181745984818995,0.205560262368077,0.8606459310497802,-0.3103480639486865,-0.6418568589659791,-0.4230293185942342,-0.2421845517678667,-0.923155744321374,-0.3886417902402587,-0.4007846461147777,-0.4461348333562188,-1.0245800150519673,-0.807964010700139,-0.4067921140240902,0,0,walking
-1.2292017676096731,-0.1598096262817655,-0.6951481235672856,-1.0855939318271943,-1.197056038471666,-0.6421672479159747,-0.6955707736180841,-0.6128799189957628,0.3304219194033071,-0.671521472037321,-0.3295778460312067,0.5923898530080404,-0.7624268412536691,0.2839016654739493,0.323562557178875,-0.6742940507310637,-0.7445595926842935,-0.3217704283222514,-1.0325598801933031,-0.7101126360699528,-0.6543158439363437,-0.4652541101935914,-0.231372795602236,-1.7030681608902152,-2.329893406716129,-0.154071148318333,0.0548186792061003,-0.0263877568904896,-0.2514506785010489,0.2507662722034994,0,0,walking
0.5103454175643771,1.2872569148058222,-0.8775756649192397,1.4376759938371966,1.5617242149432655,-0.6683397356637156,-0.8244917736213528,1.3735391894575413,0.0559347851525688,-0.8162467411304881,-0.7824923164391344,0.5046858385279409,-0.9832236523211256,-0.1943034420310678,-0.2860753633759184,-0.7075666291778172,-0.9281625458177504,-0.6151481817229603,-0.5370670429564173,-0.9019655889090638,-0.6391359819520942,1.0408468156012616,-0.9079770772468309,0.7686911217520379,1.1545335743137912,-0.5917308227184623,-1.16252668899968,-0.1344111490256255,-0.2491317337985097,-1.2667309224101653,0,0,walking
-0.3947596983442022,0.6367750164896101,-0.8805080023177119,0.2525771869120027,0.258607154841219,-0.6785628134738475,-0.8983259379644692,-0.0676708750060508,-1.932502043734131,-0.8828834218919738,-0.0794334534176302,-1.239863597619596,1.0841479177973314,-1.0375458354979663,-0.4262774175744389,1.660849411812341,1.6113390043707014,-0.2302159466967488,1.4300040455592002,1.833546715429928,0.4903470956731394,0.676750584752118,0.0237595271915043,1.7136686641102843,1.0927060821167518,0.3994093012665632,0.8163361631117896,0.0663832531791573,1.3455374852757749,1.240802091659983,1,1,jumping
1.9865001209539197,0.4007417609284432,0.9873316508539524,1.4932110326400323,1.5291024799002957,0.8748896033864646,1.137430080670292,0.4197200598471465,0.981477751295778,1.3467229507441043,1.2525586362397247,0.9320720171561953,-0.0216790135366013,1.8422391683332997,2.1479680637791563,-0.1607771461873759,0.2029253808685945,0.3154132456826581,0.0981762923376528,0.3070759161310603,-0.7956104954920672,0.4480038350109741,-0.7436710385077167,-0.7215221308950082,-0.4960585647148752,-0.5359407887370552,-0.8665641278817363,0.1363617965412971,-1.140898697445265,-0.9045292485890344,1,1,jumping
-1.2668788092146213,-0.0579752037969392,-0.8184050273880186,-1.1084008019772302,-1.294688322432781,-0.6603514880491588,-0.7792031873913832,0.3224785071858328,0.360603926467554,-0.7645309095635192,0.2015944500946923,0.851913353746788,-0.6471441725509751,0.7782254634571383,0.8858415556842225,-0.6438265469010558,-0.6338103651848014,0.7227266381783177,-1.2233195458554214,-0.6043813282121332,0.2938323365941888,0.8814627462809208,-0.2028226730808613,0.7367920621747187,0.3791032450789411,-0.2030558960164143,-0.0311942898296046,1.5359187229060822,0.219547259773622,-0.0735818766678999,0,0,walking
0.3808168560428517,1.1191521237624278,-0.8063421555908924,1.1763708998885378,1.2803589564207851,-0.6707503918623863,-0.8398383632034813,1.0961065972419206,-0.4139985972324418,-0.8382725304992393,-0.8020742199646085,0.3159308810267337,-0.8231554210824553,-0.6138384212924126,-0.8985606466121221,-0.6848846277566952,-0.7916810472665328,0.9891615088281832,-0.0259185845513202,-0.756271303723842,-0.3046404320146096,0.5473014462743369,-0.4561275003963502,0.3396525466276643,-0.0322975701989046,-0.3072963512552715,-0.2331922913812424,0.398349252733697,-0.1476898706037678,-0.1012938695216141,0,0,walking
